brand,model,discipline,price_eur,frame_material,tire_clearance_mm,groupset,weight_kg,url,image_url,description
Canyon,Endurace AllRoad,road,1049,aluminum,,,10.72,https://www.canyon.com/fi-fi/maantiepyoeraet/mukavuusmaantiepyora/endurace/allroad/endurace-allroad/4164.html?dwvar_4164_pv_rahmenfarbe=R138_P01,"https://dma.canyon.com/image/upload/t_web-p5/w_930,h_487,c_fit/f_auto/q_auto/v1744718989/2025_FULL_endurace_all-road-5_4164_R138_P01_lnnqxl","Canyon - Rento geometria, virtaviivainen mutta kestävä alumiinirunko ja hydraulisten levyjarrujen hallittavuus. Tämä mukava ja nopea alumiininen mukavuusmaantiepyörä on valmis kaikkiin ajoihisi."
Canyon,Endurace CF 6,road,1689,carbon,,Shimano Tiagra,9.7,https://www.canyon.com/fi-fi/maantiepyoeraet/mukavuusmaantiepyora/endurace/cf/endurace-cf-6/4273.html?dwvar_4273_pv_rahmenfarbe=R076_P09,"https://dma.canyon.com/image/upload/t_web-p5/w_930,h_487,c_fit/f_auto/q_auto/v1744104233/2026_FULL_endurace_cf-6_4273_R076_P09_mkth9v","Canyon - Enduracen kuuluisa mukavuus, hiilikuidun lyömätön tyylikkyys ja Shimanon luotettavat komponentit tekevät edullisimmasta hiilikuiturunkoisesta maantiepyörästämme kaikkea muuta kuin alkajatasoisen."
Canyon,Inflite CF SL 5,cyclocross,2119,carbon,,Shimano Grx,8.92,https://www.canyon.com/fi-fi/maantiepyoeraet/cyclocrosspyorat/inflite/cf-sl/inflite-cf-sl-5/3549.html?dwvar_3549_pv_rahmenfarbe=R063_P26,"https://dma.canyon.com/image/upload/t_web-p5/w_930,h_487,c_fit/f_auto/q_auto/v1740751525/B224839B-E9F9-4BE7-B634F502C1A489EF",Canyon - Canyonin hiilikuituisen cyclocross-pyörämalliston edullisinkin malli lainaa runkonsa keskeiset ominaisuudet lippulaiva Inflite CF SL -mallilta ja tuo käyttöösi erinomaiset komponentit lyömättömään hintaan. Paras valinta aloittevalle kunnianhimoiselle kisaajalle.
Canyon,Endurace CF 7 LTD,road,2399,carbon,,Shimano 105,8.72,https://www.canyon.com/fi-fi/maantiepyoeraet/mukavuusmaantiepyora/endurace/cf/endurace-cf-7-ltd/4375.html?dwvar_4375_pv_rahmenfarbe=R076_P09,"https://dma.canyon.com/image/upload/t_web-p5/w_930,h_487,c_fit/f_auto/q_auto/v1751271533/2026_FULL_endurace_cf-7-ltd_4375_R076_P09_pzhh2o","Canyon - <ul class=""simpleBulletList simpleBulletList--noItemSpacing""> <li>Virtaviivainen ja kevyt hiilikuiturunko</li> <li>Mekaaninen Shimano 105 osasarja, 12 vaihdetta</li> <li>DT Swissin alumiinikiekot</li> <li>Ergonominen Canyon-ohjaustanko</li> </ul>"
Canyon,Inflite CF SL 6,cyclocross,2519,carbon,,Shimano Grx,8.62,https://www.canyon.com/fi-fi/maantiepyoeraet/cyclocrosspyorat/inflite/cf-sl/inflite-cf-sl-6/3843.html?dwvar_3843_pv_rahmenfarbe=R063_P26,"https://dma.canyon.com/image/upload/t_web-p5/w_930,h_487,c_fit/f_auto/q_auto/v1740750756/8952E5BD-33C4-4F0B-B024B84ADB536007",Canyon - Canyonin hiilikuituisen cyclocross-pyörämalliston edullisinkin malli lainaa runkonsa keskeiset ominaisuudet lippulaiva Inflite CFR -mallilta ja tuo käyttöösi erinomaiset komponentit lyömättömään hintaan. Paras valinta aloittevalle kunnianhimoiselle kisaajalle.
Canyon,Ultimate CF 7,road,2649,carbon,,Shimano 105,8.68,https://www.canyon.com/fi-fi/maantiepyoeraet/kilpapyorat/ultimate/cf-sl/ultimate-cf-7/4063.html?dwvar_4063_pv_rahmenfarbe=R101_P07,"https://dma.canyon.com/image/upload/t_web-p5/w_930,h_487,c_fit/f_auto/q_auto/v1745479130/2026_FULL_ultimate_cf-sl-7_4063_R101_P07_c0kqpu","Canyon - Keskeiset ominaisuutensa maailmanmestaruuskisoissa ja Grand Toureilla voittaneista pyöristä perivä ja Shimanon ja DT Swissin luotettavilla komponenteilla varustettu Ultimate CF 7 on klassinen hiilikuiturunkoinen maantiekilpapyörä, joka antaa rahoillesi loistavaa vastinetta."
Canyon,Endurace CF 7 AXS,road,2319,carbon,,Sram Rival,8.5,https://www.canyon.com/fi-fi/maantiepyoeraet/mukavuusmaantiepyora/endurace/cf/endurace-cf-7-axs/4364.html?dwvar_4364_pv_rahmenfarbe=R076_P09,"https://dma.canyon.com/image/upload/t_web-p5/w_930,h_487,c_fit/f_auto/q_auto/v1751271638/2026_FULL_endurace_cf-7-axs_4364_R076_P09__mrg9jm","Canyon - <ul class=""simpleBulletList simpleBulletList--noItemSpacing""> <li>Virtaviivainen ja kevyt hiilikuiturunko</li> <li>SRAM Rival AXS -sähkövaihteisto</li> <li>SRAM Rival AXS Power Meter</li> <li>DT Swissin alumiinikiekot</li> </ul>"
Canyon,Endurace CF 7 Di2 G.34,road,2929,carbon,,Shimano 105,8.11,https://www.canyon.com/fi-fi/maantiepyoeraet/mukavuusmaantiepyora/endurace/cf/endurace-cf-7-di2-g.34/4548.html?dwvar_4548_pv_rahmenfarbe=R076_P09,"https://dma.canyon.com/image/upload/t_web-p5/w_930,h_487,c_fit/f_auto/q_auto/v1753777781/2026_FULL_endurace_cf-7-di2-nwmn_4548_R076_P09_mpifgt","Canyon - <ul class=""simpleBulletList simpleBulletList--noItemSpacing""> <li>Virtaviivainen ja kevyt hiilikuiturunko</li> <li>Shimano 105 Di2 -sähkövaihteisto</li> <li>Yksiosainen hiilikuituohjaamo</li> <li>Runsaasti rengastilaa</li> </ul>"
Canyon,Endurace CF 7 Di2,road,3349,carbon,,Shimano 105,8.6,https://www.canyon.com/fi-fi/maantiepyoeraet/mukavuusmaantiepyora/endurace/cf/endurace-cf-7-di2/4275.html?dwvar_4275_pv_rahmenfarbe=R076_P09,"https://dma.canyon.com/image/upload/t_web-p5/w_930,h_487,c_fit/f_auto/q_auto/v1747983638/2026_FULL_endurace_cf-7-di2_4275_R076_P10_scepta","Canyon - Uskomatonta mukavuutta. Huipputarkka sähköinen Shimano 105 Di2 -vaihteisto. Kestävät ja luotettavat osat. Endurace CF 7 Di2 on hiilikuiturunkoinen mukavuusmaantiepyörä, joka on tehty pitkille ja vauhdikkaille ajomatkoille."
Canyon,Endurace CF 8 Di2,road,3499,carbon,,Shimano Ultegra,8.14,https://www.canyon.com/fi-fi/maantiepyoeraet/mukavuusmaantiepyora/endurace/cf/endurace-cf-8-di2/4363.html?dwvar_4363_pv_rahmenfarbe=R076_P09,"https://dma.canyon.com/image/upload/t_web-p5/w_930,h_487,c_fit/f_auto/q_auto/v1751271701/2026_FULL_endurace_cf-8-di2_4363_R076_P09_siylga","Canyon - <ul class=""simpleBulletList simpleBulletList--noItemSpacing""> <li>Virtaviivainen ja kevyt hiilikuiturunko</li> <li>Shimano Ultegra Di2 -sähkövaihteisto</li> <li>DT Swissin kiekot</li> <li>Runsaasti rengastilaa</li> </ul>"
Canyon,Ultimate CF 7 Di2 AERO,road,4449,carbon,,Shimano 105,8.16,https://www.canyon.com/fi-fi/maantiepyoeraet/kilpapyorat/ultimate/cf-sl/ultimate-cf-7-di2-aero/4248.html?dwvar_4248_pv_rahmenfarbe=R101_P06,"https://dma.canyon.com/image/upload/t_web-p5/w_930,h_487,c_fit/f_auto/q_auto/v1749720625/2026_FULL_ultimate_cf-7-di2-spd_4248_R101_P06_xin5ng","Canyon - <ul class=""simpleBulletList simpleBulletList--noItemSpacing""> <li>Kevyt, kiertojäykkä ja tasapainoinen hiilikuiturunko</li> <li>Shimano 105 Di2 -osasarja</li> <li>DT Swiss ARC -hiilikuitukiekot</li> <li>Säädettävä hiilikuituohjaamo</li> </ul>"
Canyon,Inflite CF SLX 8,cyclocross,4219,carbon,,Sram Force,7.8,https://www.canyon.com/fi-fi/maantiepyoeraet/cyclocrosspyorat/inflite/cf-slx/inflite-cf-slx-8/3845.html?dwvar_3845_pv_rahmenfarbe=R063_P31,"https://dma.canyon.com/image/upload/t_web-p5/w_930,h_487,c_fit/f_auto/q_auto/v1740751177/0CDF5057-36E2-498E-B0BDDF0281D09ED6","Canyon - Uskomattoman nopea cyclocross-pyörä, jolle vetää vertoja vain ammattilaistason Inflite CFR. Pyörässä yhdistyvät huippukevyt Inflite CF SLX -runko, DT Swissin hiilikuitukiekot ja SRAMin langaton Force AXS -osasarja – se on tehty määräämään tahdin kisaamisen kaikilla tasoilla."
Canyon,Aeroad CF SLX 7 Di2,road,4749,carbon,,Shimano 105,7.84,https://www.canyon.com/fi-fi/maantiepyoeraet/aero-maantiepyorat/aeroad/aeroad-cf-slx/aeroad-cf-slx-7-di2/4034.html?dwvar_4034_pv_rahmenfarbe=R107_P05,"https://dma.canyon.com/image/upload/t_web-p5/w_930,h_487,c_fit/f_auto/q_auto/v1749041421/2026_FULL_aeroad_cf-slx-7-di2_4034_R107_P07_tnfs77","Canyon - <ul class=""simpleBulletList simpleBulletList--noItemSpacing""> <li>Huippukevyt ja huipputehokas CF SLX -runko</li> <li>Tuulta halkovat DT Swiss -hiilikuitukiekot</li> <li>Nopea Shimano Di2 -vaihteisto</li> <li>Säädettävä hiilikuituohjaamo</li> </ul>"
Canyon,Speedmax CF 7 Di2 Race,road,5249,carbon,,Shimano 105,9.38,https://www.canyon.com/fi-fi/maantiepyoeraet/triathlon-pyorat/speedmax/cf/speedmax-cf-7-di2-race/4137.html?dwvar_4137_pv_rahmenfarbe=R073_P11,"https://dma.canyon.com/image/upload/t_web-p5/w_930,h_487,c_fit/f_auto/q_auto/v1754289495/2026_FULL_speedmax_cf-7-di2-race_4137_R073_P12_woyomy","Canyon - <ul class=""simpleBulletList simpleBulletList--noItemSpacing""> <li>Kisavalmis triathlonpyörä lyömättömään hintaan</li> <li> Hiilikuitukiekot, tehomittari, sähkövaihteisto</li> <li> Aerodynaamisesti optimoitu nesteytysjärjestelmä sisältyy hintaan</li> </ul>"
Canyon,Endurace CF SLX 8 Di2,road,5799,carbon,,Shimano Ultegra,7.84,https://www.canyon.com/fi-fi/maantiepyoeraet/mukavuusmaantiepyora/endurace/cf-slx/endurace-cf-slx-8-di2/4277.html?dwvar_4277_pv_rahmenfarbe=R077_P13,"https://dma.canyon.com/image/upload/t_web-p5/w_930,h_487,c_fit/f_auto/q_auto/v1744895921/2026_FULL_endurace_cf-slx-8-di2_4277_R077_P13_noxdme","Canyon - Aja entistäkin kauemmas. Kevyen ja mukavan hiilikuiturungon, Shimanon sähkövaihteiden, tehomittariteknologian ja tehokkaiden aerokiekkojen ansiosta Endurace CF SLX vie sinut pidemmälle – nopeammin."
Canyon,Grizl 5,gravel,1599,aluminum,,,11.0,https://www.canyon.com/fi-fi/gravelpyoeraet/adventure/grizl/al/grizl-5/4020.html?dwvar_4020_pv_rahmenfarbe=R075_P08,"https://dma.canyon.com/image/upload/t_web-p5/w_930,h_487,c_fit/f_auto/q_auto/v1741636328/2025_FULL_grizl_5_4020_R075_P08_hifw2z","Canyon - Vahva, pystyvä ja kestävä gravelseikkailuille luotu pyörä lyömättömään hintaan. Pitävät, leveät ja hyvin rullaavat Schwalben renkaat, lukuisat kiinnityspisteet varusteillesi ja kestävä Shimanon vaihteisto tekevät Grizl 5 -pyörästä erinomaisen valinnan bikepackingiin."
Canyon,Grizl 6 1BY,gravel,,aluminum,,Sram Apex,10.54,https://www.canyon.com/fi-fi/gravelpyoeraet/adventure/grizl/al/grizl-6-1by/3716.html?dwvar_3716_pv_rahmenfarbe=R075_P08,"https://dma.canyon.com/image/upload/t_web-p5/w_930,h_487,c_fit/f_auto/q_auto/v1733933588/6C40757B-5FCB-42FA-A062A4158F619C67",Canyon - Tämä vaativaan ajoon valmis gravelpyörä on kotonaan haastavillekin alustoille vievillä seikkailuilla. Luotettavan alumiinirungon ja intuitiivisen yhdellä kädellä käytettävän ja yhteen eturattaaseen perustuvan voimansiirron tuella suuntaat minne mielit. Yksinkertaista.
Canyon,Grizl 7,gravel,,aluminum,,Shimano Grx,10.68,https://www.canyon.com/fi-fi/gravelpyoeraet/adventure/grizl/al/grizl-7/3715.html?dwvar_3715_pv_rahmenfarbe=R075_P08,"https://dma.canyon.com/image/upload/t_web-p5/w_930,h_487,c_fit/f_auto/q_auto/v1733938747/0285EAF5-FC3B-4A34-BECEBB67AC0FF0C2","Canyon - Kun asfaltti päättyy, GRIZL 7 herää eloon. Shimanon vaihteisto, iskunvaimentava ja mukava satulatolppa ja pitävät 45 mm Schwalben renkaat tekevät tästä progressiivisesta gravelpyörästä todella kaikkeen pystyvän."
Canyon,Grizl CF 6,gravel,,carbon,,Sram Apex,9.98,https://www.canyon.com/fi-fi/gravelpyoeraet/adventure/grizl/og/grizl-cf-6/4141.html?dwvar_4141_pv_rahmenfarbe=R126_P01,"https://dma.canyon.com/image/upload/t_web-p5/w_930,h_487,c_fit/f_auto/q_auto/v1750255863/2026_FULL_grizl_cf-6_4141_R126_P01_boqvk2","Canyon - <ul class=""simpleBulletList simpleBulletList--noItemSpacing""> <li>Vahva, loputtoman mukautuva hiilikuiturunko on valmis kaikenlaisiin seikkailuihin</li> <li>Luotettava SRAM Apex 1x -voimansiirto</li> <li>54 mm:n mitattu rengastila</li> <li>Tubeless-yhteensopivat Schwalbe G-One RX -renkaat</li> <li>Etu- ja takatelineiden kiinnityspisteet</li> </ul>"
Canyon,Grail CF 7,gravel,,carbon,,Shimano Grx,9.26,https://www.canyon.com/fi-fi/gravelpyoeraet/race/grail/cf/grail-cf-7/4149.html?dwvar_4149_pv_rahmenfarbe=R119_P05,"https://dma.canyon.com/image/upload/t_web-p5/w_930,h_487,c_fit/f_auto/q_auto/v1746608737/2026_FULL_grail_cf-sl-7_4149_R119_P04_hoppzj","Canyon - Nopea, tasapainoinen, luotettava. Grail CF 7 on valmis kisaamaan vakaan ajotuntuman, vaivattoman hallittavuuden, luotettavan Shimanon vaihteiston ja kestävien DT Swiss -alumiinikiekkojen tuella."
Canyon,Grail CF 8 1by,gravel,,carbon,,Shimano Grx,8.88,https://www.canyon.com/fi-fi/gravelpyoeraet/race/grail/cf/grail-cf-8-1by/4148.html?dwvar_4148_pv_rahmenfarbe=R119_P04,"https://dma.canyon.com/image/upload/t_web-p5/w_930,h_487,c_fit/f_auto/q_auto/v1747035785/2026_FULL_grail_cf-sl-8-1by_4148_R119_P04_oqoppk","Canyon - Loivempi, nopeampi, parempi. Matkalippusi palkintokorokkeelle – Grail CF 8 -pyörässä yhdistyvät Grail CF -malliston nopeus kaikilla alustoilla ja yksinkertainen ja tehokas yhteen eturattaaseen perustuva GRX-vaihteisto."
Canyon,Grail CF SL 7 AXS,gravel,,carbon,,Sram Rival,8.82,https://www.canyon.com/fi-fi/gravelpyoeraet/race/grail/cf/grail-cf-sl-7-axs/3576.html?dwvar_3576_pv_rahmenfarbe=R119_P03,"https://dma.canyon.com/image/upload/t_web-p5/w_930,h_487,c_fit/f_auto/q_auto/v1733933315/C3354C48-5061-4EBA-9B84D02F7A086CA0",Canyon - Grailin vaihtelevilla alustoilla vertaansa vailla oleva ajodynamiikka ja SRAMin loistava langaton 12-vaihteinen voimansiirto. Nosta gravelkisaamisesi seuraavalle tasolle Grail CF SL -malliston lippulaivamallilla.
Canyon,Grail CF SL 7 AERO,road,,carbon,,Sram Rival,8.46,https://www.canyon.com/fi-fi/gravelpyoeraet/race/grail/cf/grail-cf-sl-7-aero/4150.html?dwvar_4150_pv_rahmenfarbe=R119_P04,"https://dma.canyon.com/image/upload/t_web-p5/w_930,h_487,c_fit/f_auto/q_auto/v1748286996/2026_FULL_grail_cf-sl-7-aero_4150_R119_P04_fzkhj4","Canyon - Vahva, virtaviivainen, nopea. Tämä aerodynaamisilla hiilikuitukiekoilla, tarkalla sähköisellä vaihtamisella ja integroidulla hiilikuituohjaamolla varustettu kilpapyörä on uskomattoman nopea kaikilla alustoilla. Nosta gravelajamisesi seuraavalle tasolle Grail CF SL -malliston lippulaivamallilla."
Canyon,Grizl CF 7,gravel,,carbon,,Shimano Grx,10.04,https://www.canyon.com/fi-fi/gravelpyoeraet/adventure/grizl/og/grizl-cf-7/4167.html?dwvar_4167_pv_rahmenfarbe=R126_P01,"https://dma.canyon.com/image/upload/t_web-p5/w_930,h_487,c_fit/f_auto/q_auto/v1750252688/2026_FULL_grizl_cf-7_4167_R126_P01_ti4kcf","Canyon - <ul class=""simpleBulletList simpleBulletList--noItemSpacing""> <li>Vahva, loputtoman mukautuva hiilikuiturunko on valmis kaikenlaisiin seikkailuihin</li> <li>Uusin Shimano 1x GRX -voimansiirto</li> <li>Pomminkestävät DT Swiss gravel -kiekot</li> <li>54 mm:n mitattu rengastila</li> <li>Ohjaustanko ja -kannatin integroiduilla vaijereilla</li> </ul>"
Canyon,Grizl CF 8 w/ RIFT,gravel,3194.95,carbon,,Sram Rival,10.5,https://www.canyon.com/fi-fi/gravelpyoeraet/adventure/grizl/og/grizl-cf-8-w%2F-rift/4145.html?dwvar_4145_pv_rahmenfarbe=R126_P02,"https://dma.canyon.com/image/upload/t_web-p5/w_930,h_487,c_fit/f_auto/q_auto/v1750844911/2026_FULL_grizl_cf-8-rough_4145_R126_P02_su7cif","Canyon - <ul class=""simpleBulletList simpleBulletList--noItemSpacing""> <li>Vahva, loputtoman mukautuva hiilikuiturunko on valmis kaikenlaisiin seikkailuihin</li> <li>DT Swiss F132 ONE gravel-joustohaarukka</li> <li>Etälukitus</li> <li>SRAM Rival XPLR – luotettava langaton 1x-vaihteisto – yksinkertaista ja varmaa</li> <li>DT Swiss gravel -kiekot</li> </ul>"
Canyon,Grizl CF 8 ESC w/ ECLIPS,gravel,,carbon,,Shimano Grx,10.0,https://www.canyon.com/fi-fi/gravelpyoeraet/adventure/grizl/escape/grizl-cf-8-esc-w%2F-eclips/4144.html?dwvar_4144_pv_rahmenfarbe=R126_P03,"https://dma.canyon.com/image/upload/t_web-p5/w_930,h_487,c_fit/f_auto/q_auto/v1750252610/2026_FULL_grizl_cf-8-long-escp_4144_R126_P03_ggiwyo","Canyon - <ul class=""simpleBulletList simpleBulletList--noItemSpacing""> <li>Vahva, loputtoman mukautuva hiilikuiturunko on valmis kaikenlaisiin seikkailuihin</li> <li>Canyon ECLIPS -teknologia – SON-dynamo, Lupine-valot, Canyon BlackBox</li> <li>Monipuolinen Shimano GRX mullet -voimansiirto laajalla välitysalueella</li> <li>Full Mounty -ohjaamo</li> <li>Korkealaatuiset DT Swiss gravel -kiekot</li> </ul>"
Canyon,Grizl CF 8 Di2,gravel,,carbon,,Shimano Grx,9.16,https://www.canyon.com/fi-fi/gravelpyoeraet/adventure/grizl/og/grizl-cf-8-di2/4143.html?dwvar_4143_pv_rahmenfarbe=R126_P01,"https://dma.canyon.com/image/upload/t_web-p5/w_930,h_487,c_fit/f_auto/q_auto/v1750665929/2026_FULL_grizl_cf-8-di2_4143_R126_P01_pfbtqd","Canyon - <ul class=""simpleBulletList simpleBulletList--noItemSpacing""> <li>Vahva, loputtoman mukautuva hiilikuiturunko on valmis kaikenlaisiin seikkailuihin</li> <li>Täysin uudet Canyon-hiilikuitukiekot graveliin</li> <li>GRX Di2 -sähkövaihteisto</li> <li>54 mm:n mitattu rengastila</li> <li>Etu- ja takatelineiden kiinnityspisteet</li> </ul>"
Canyon,Grail CF SLX 8 Di2,gravel,,carbon,,Shimano Grx,8.8,https://www.canyon.com/fi-fi/gravelpyoeraet/race/grail/cf-slx/grail-cf-slx-8-di2/4155.html?dwvar_4155_pv_rahmenfarbe=R120_P05,"https://dma.canyon.com/image/upload/t_web-p5/w_930,h_487,c_fit/f_auto/q_auto/v1747293237/2026_FULL_grail_cf-slx-8-di2_4155_R120_P05_r7clfk","Canyon - Tämä Grail CF SLX -malliston luokkansa johtavan nopeuden ja keveyden, Shimanon uusimman langattoman GRX Di2 -vaihteiston ja DT Swissin uuden sukupolven aerokiekot yhdistävä pyörä on valmis menestymään maailman nopeimmissa gravelkisoissa."
Canyon,Grizl:ONfly CF 7,gravel,,carbon,,Shimano Grx,15.99,https://www.canyon.com/fi-fi/sahkopyorat/gravel-sahkopyora/grizl-on/grizl-onfly-cf-7/3548.html?dwvar_3548_pv_rahmenfarbe=R112_P01,"https://dma.canyon.com/image/upload/t_web-p5/w_930,h_487,c_fit/f_auto/q_auto/v1733933213/A0C3DF7E-DA55-4A93-9910671557059F2A","Canyon - Uusimman Bosch SX -moottorin luonnollinen ja nopeasti reagoiva avustusjärjestelmä siivittää sinut seuraavalle sähköistetylle seikkailullesi. Suuntaa luontoon tällä seikkailuille valmiilla pyörällä, jossa kohtaavat maastovalmius ja arkikäyttöä helpottava käytännöllisyys."
Canyon,Grail CF SLX 8 AXS,gravel,,carbon,,Sram Force,8.32,https://www.canyon.com/fi-fi/gravelpyoeraet/race/grail/cf-slx/grail-cf-slx-8-axs/4151.html?dwvar_4151_pv_rahmenfarbe=R120_P04,"https://dma.canyon.com/image/upload/t_web-p5/w_930,h_487,c_fit/f_auto/q_auto/v1748358728/2026_FULL_grail_cf-slx-8-axs_4151_R120_P04_eudeju","Canyon - Kevyt, integroitu ja todella nopea pyörä. Tässä Grail-mallissa yhdistyvät kiertojäykkä ja uskomattoman kevyt CF SLX -hiilikuiturunko, DT Swissin nopeat hiilikuitukiekot ja langaton SRAM Force -vaihteisto. Se on valmis siivittämän sinut seuraavan gravelkisasi voittoon."
Canyon,Grail CF SLX 9 AXS,gravel,,carbon,,Sram Red,8.14,https://www.canyon.com/fi-fi/gravelpyoeraet/race/grail/cf-slx/grail-cf-slx-9-axs/4336.html?dwvar_4336_pv_rahmenfarbe=R120_P03,"https://dma.canyon.com/image/upload/t_web-p5/w_930,h_487,c_fit/f_auto/q_auto/v1744207006/2025_FULL_grail_cf-slx-9-axs_4336_R120_P03_fxfdn0","Canyon - Monipuolinen, integroitu, nopea. Uuden sukupolven Grail CF SLX -runko, SRAMin langaton vaihteisto ja salamannopeat DT Swissin kiekot tekevät tästä huippunopeasta gravelpyörästä loistavan valinnan kisaamiseen korkeimmallakin tasolla."
Cube,Nuroad Pro,gravel,1249.0,aluminum,,,,https://rtech.fi/tuote/cube_nuroad_pro_gravelpyora?attr1_id=659,https://media.viskanassets.com/v2/rtechprod/normal/25021_pea´n´grey_front.jpg,"Nuroad Pro on suorituskykyinen ja moderni gravel-pyörä, joka todistaa että soratieajosta voi nauttia myös kohtuullisella budjetilla. Shimano 1x11 -voimansiirto, hiilikuituinen etuhaarukka ja hydrauliset levyjarrut kevyessä alumiinirungossa. Hintaluokkansa selkeä ykkönen! - Aluminum 6061 T6 Superlite -runko - Shimano Cues 1x11 -voimansiirto - Hydrauliset Shimano Cues -levyjarrut - Hiilikuituinen etuhaarukka - 40 mm Schwalbe G-One Allround -renkaat - Paino vain 10,7 kiloa"
CUBE,Nuroad EX,gravel,1549.0,aluminum,,Shimano Grx,10.2,https://rtech.fi/tuote/cube_nuroad_ex_gravelpyora?attr1_id=667,https://media.viskanassets.com/v2/rtechprod/normal/25022_cotton´n´grey_front.jpg,"Kevyt, nopea ja mukava gravel-pyörä erinomaisella Shimano GRX 1x12 -vaihteistolla ja hydraulisilla levyjarruilla.- Aluminum 6061 T6 Superlite -runko- Shimano GRX 1x12 -vaihteisto- Hydrauliset Shimano GRX -levyjarrut- Hiilikuituinen etuhaarukka- Newmen Performance 25 -kiekot- Leveät 45 mm Schwalbe G-ONE -renkaat- Paino 10,2 kg"
CUBE,Nuroad EX,gravel,1549.0,aluminum,,Shimano Grx,10.2,https://rtech.fi/tuote/cube_nuroad_ex_gravelpyora?attr1_id=668,https://media.viskanassets.com/v2/rtechprod/normal/25022_blueiris´n´lilac_front.jpg,"Kevyt, nopea ja mukava gravel-pyörä erinomaisella Shimano GRX 1x12 -vaihteistolla ja hydraulisilla levyjarruilla.- Aluminum 6061 T6 Superlite -runko- Shimano GRX 1x12 -vaihteisto- Hydrauliset Shimano GRX -levyjarrut- Hiilikuituinen etuhaarukka- Newmen Performance 25 -kiekot- Leveät 45 mm Schwalbe G-ONE -renkaat- Paino 10,2 kg"
CUBE,Nuroad C:62,road,2199.0,carbon,,Shimano Grx,,https://rtech.fi/tuote/cube_nuroad_c62_one_gravelpyora?attr1_id=46,https://media.viskanassets.com/v2/rtechprod/normal/25026_blackline_front.jpg,Vaativan harrastajan gravelpyörä. Uusi kevyt hiilikuiturunko Shimano GRX -gravel-komponenteilla. &nbsp; - C:62 -hiilikuiturunko - Shimano GRX 1x12 -vaihteisto - Hydrauliset Shimano GRX -levyjarrut - Newmen Performance 25 -kiekot - Leveät 45 mm Schwalbe G-One R Pro -renkaat
CUBE,Nuroad C:62,road,3799.0,carbon,,Shimano Grx,8.3,https://rtech.fi/tuote/cube_nuroad_c62_race_gravelpyora?attr1_id=551,https://media.viskanassets.com/v2/rtechprod/normal/25029_nebula´n´blue_front.jpg,"Kevyt ja nopea kisa-gravel uudella Shimano GRX Di2 2x12 gravel-osasarjalla aktiiviharrastajalle. - C:62 -hiilikuiturunko - Langaton Shimano GRX Di2 2x12 -vaihteisto - Hydrauliset Shimano GRX -levyjarrut - Newmen Advanced SL X.R.36 -hiilikuitukiekot - Schwalbe G-One RS Pro 45 mm renkaat - Integroitu ohjaustanko - Shimano GRX 4iiii -kammet tehonmittauksella - Paino 8,3 kg"
CUBE,Nuroad C:62,road,4299.0,carbon,,Sram Force,8.6,https://rtech.fi/tuote/cube_nuroad_C62_SLX_gravel_pyora?attr1_id=674,https://media.viskanassets.com/v2/rtechprod/normal/25030_reedbeige´n´chrome_front.jpg,"Kärkiluokan gravelpyörä raskaaseen kisailuun ja harjoitteluun aktiiviharrastajalle. Tarkasti toimiva ja kovaa rasitusta kestävä sähköinen Sram GX AXS Transmission 1x12 -voimansiirto sekä korkeaprofiiliset Zipp 303 XPLR -gravel-kiekot.- C:62 -hiilikuiturunko - Sähköinen Sram GX AXS Transmission 1x12 -voimansiirto - Sram Force AXS E1 -levyjarrut - Korkeaprofiiliset ZIPP 303 XPLR -hiilikuitukiekot - Schwalbe G-One RX Pro 45 mm renkaat - Sram Force XPLR AXS -kammet tehonmittauksella - Paino 8,6 kg"
CUBE,Nuroad SLX,gravel,1849.0,aluminum,,Shimano Grx,10.3,https://rtech.fi/tuote/cube_nuroad_slx_gravelpyora?attr1_id=626,https://media.viskanassets.com/v2/rtechprod/normal/25025_molotov´n´black_front.jpg,"Bikepacking-retkeilijän ja aktiivikuskin gravelpyörä uudella alumiinirungolla, hiilikuituisilla putkiosilla sekä 1x12 Shimano GRX -voimansiirrolla. Rungossa on runsaasti kiinnikepaikkoja ja tilaa jopa 50 mm renkaille. - Aluminum 6061 T6 Superlite -alumiinirunko - Shimano GRX 1x12 -voimansiirto - Hydrauliset Shimano GRX -levyjarrut - hiilikuituinen tanko ja satulatolppa - Schwalbe G-One R 45 mm -renkaat- Hiilikuituinen satulatolppa ja ohjaustanko- Paino 10,3 kg- Painoraja 130 kg (pyörä + kuski + "
CUBE,Nuroad Race,gravel,1649.0,aluminum,,Shimano Grx,10.8,https://rtech.fi/tuote/cube_nuroad_race_gravelpyora?attr1_id=669,https://media.viskanassets.com/v2/rtechprod/normal/25024_cappuccino´n´black_front.jpg,"Bikepacking-retkeilijän ja aktiivikuskin gravelpyörä uudella alumiinirungolla ja 2x12 Shimano GRX -voimansiirrolla. Rungossa on runsaasti kiinnikepaikkoja ja tilaa jopa 50 mm renkaille. - Aluminum 6061 T6 Superlite -alumiinirunko - Runsaasti kiinnikepaikkoja laukuille ja telineille- Shimano GRX 2x12 -voimansiirto - Hydrauliset Shimano GRX -levyjarrut - Schwalbe G-One R 45 mm -renkaat - Paino 10,8 kg- Painoraja 130 kg (pyörä + kuski + kuorma)"
CUBE,Agree C:62,road,3599.0,carbon,,Shimano Ultegra,8.1,https://rtech.fi/tuote/cube_agree_c62_pro_maantiepyora?attr1_id=46,https://media.viskanassets.com/v2/rtechprod/normal/25019_blackline_front.jpg,"Kevyt ja nopea maantiepyörä Shimano Ultegra Di2 -sähkövaihteilla aktiiviharrastajalle. - C:62 -hiilikuiturunko - Langaton Shimano Ultegra Di2 2x12 -vaihteisto - Hydrauliset Shimano Ultegra -levyjarrut - Korkeaprofiiliset Newmen Advanced A.50 -hiilikuitukiekot - Paino 8,1 kg"
CUBE,Agree C:62,road,4299.0,carbon,,Sram Force,7.5,https://rtech.fi/tuote/cube_agree_c62_slx_maantiepyora?attr1_id=663,https://media.viskanassets.com/v2/rtechprod/normal/25020_nightshift´n´prism_front.jpg,"Kevyt ja todella nopea maantiepyörä Sram Force AXS E1 -sähkövaihteilla parasta vaativalle aktiiviharrastajalle.- C:62 -hiilikuiturunko- Sram Force AXS E1 2x12 -langaton vaihteisto- Sram Force AXS E1 HRD -levyjarrut- Sram Force AXS E1&nbsp;-kammet tehonmittauksella- Newmen Streem C.35/38 -hiilikuitukiekot- Paino 7,5 kg"
CUBE,Attain C:62,road,2699.0,carbon,,Shimano 105,8.4,https://rtech.fi/tuote/cube_attain_c62_slx_maantiepyora?attr1_id=660,https://media.viskanassets.com/v2/rtechprod/normal/25017_sleekgrey´n´prism_front.jpg,"Suorituskykyinen endurance-maantiepyörä hiilikuiturungolla ja Shimano 105 Di2 2x12 -sähkövaihteilla pitkille lenkeille sekä kovaan harjoitteluun.- C:62 -hiilikuiturunko- Hiilikuituinen etuhaarukka- Shimano 105 Di2 2x12 -sähkövaihteisto - Hydrauliset Shimano 105 -levyjarrut- Paino vain 8,4 kg"
CUBE,Attain C:62,road,3199.0,carbon,,,,https://rtech.fi/tuote/cube_attain_c62_slt_maantiepyora?attr1_id=661,https://media.viskanassets.com/v2/rtechprod/normal/25018_shiftmint´n´white_front.jpg,
Cube,Attain SLX,road,1600.0,carbon,,Shimano 105,9.6,https://www.bikester.fi/fi/articles/2.2506.153381/maantiepyora-cube-attain-slx-105-coalprism,https://03.cdn37.se/zY/images/2.2910894/maantiepyora-cube-attain-slx-105-coalprism.jpeg,"Nopea, herkkä ja mukava kilometrisyöppö, joka on kaunis katseltava Nopea maantiepyörä, joka on samalla ihanan mukava – onko se todella mahdollista? Haluaisimme itse asiassa kääntää ajattelun päälaelleen ja väittää, että terävämpiä suorituksia tarjoava maantiepyörä vaatii itse asiassa lisää mukavu..."
Cube,Agree C:62 SLT Dura,road,5799.0,carbon,,Shimano Dura-Ace,7.6,https://www.bikester.fi/fi/articles/2.2604.153394/aero-maantiepyora-cube-agree-c62-slt-dura-ace-di2-blackblack,https://03.cdn37.se/zY/images/2.2910972/aero-maantiepyora-cube-agree-c62-slt-dura-ace-di2-blackblack.jpeg,"Aerodynaaminen, reagoiva ja mukava kilometrisyöppö, joka on täysin UCI-hyväksytty Riippumatta siitä, onko tavoitteenasi viikonlopun kilpailu, arkipäivän harjoittelu tai vain halu ajaa hullun kovaa huvin vuoksi, reagoiva Cube Agree C:62 SLT tarjoaa täydellisen paketin. Tämä uskomattoman nopea maan..."
Cube,Attain C:62 SLX,road,2870.0,carbon,,Shimano 105,8.4,https://www.bikester.fi/fi/articles/2.2506.153386/maantiepyora-cube-attain-c62-slx-105-di2-sleekgreyprism,https://03.cdn37.se/zY/images/2.2910924/maantiepyora-cube-attain-c62-slx-105-di2-sleekgreyprism.jpeg,"Nopea, herkkä ja mukava kilometrisyöppö, joka on kaunis katseltava Nopea maantiepyörä, joka on samalla ihanan mukava – onko se todella mahdollista? Haluaisimme itse asiassa kääntää ajattelun päälaelleen ja väittää, että terävämpiä suorituksia tarjoava maantiepyörä vaatii itse asiassa lisää mukavu..."
Cube,Agree C:62 SLX, road,4599.0,carbon,,Sram Force,7.5,https://www.bikester.fi/fi/articles/2.2604.153392/aero-maantiepyora-cube-agree-c62-slx-sram-force-axs-nightshiftprism,https://03.cdn37.se/zY/images/2.2910960/aero-maantiepyora-cube-agree-c62-slx-sram-force-axs-nightshiftprism.jpeg,"Aerodynaaminen, reagoiva ja mukava kilometrisyöppö, joka on täysin UCI-hyväksytty Riippumatta siitä, onko tavoitteenasi viikonlopun kilpailu, arkipäivän harjoittelu tai vain halu ajaa hullun kovaa huvin vuoksi, reagoiva Cube Agree C:62 SLX tarjoaa täydellisen paketin. Tämä uskomattoman nopea maan..."
Cube, Attain Pro 2026,road,899.0,carbon,,Shimano Claris,10.5,https://mhw-bike.fi/cube-attain-pro-nautica-n-prism-2026-alumiininen-maantiepyoerae-125100-4,https://mhw-bike.fi/media/34/ba/2c/1756806733/125100-Cube-Attain-Pro-nautica-n-prism-2026-Aluminium-Rennrad-00.jpg?ts=1756806733,"Valamiehistö on tehnyt päätöksensä, ja tuomio on yksinkertainen: levyjarrut nopeuttavat ajamista. Siksi Attain Pro -malliin on asennettu luotettavat mekaaniset levyjarrut ja pitävät Continental Grand Prix 30 mm:n renkaat, jotta voit aina hallita pyörääsi…"
Cube, Attain C:62 SLX,road,2499.0,carbon,,Shimano 105,8.5,https://mhw-bike.fi/cube-attain-c-62-slx-lucidlilac-n-black-2026-carbon-maantiepyoerae-125610,https://mhw-bike.fi/media/2f/6a/c2/1756806795/125610-Cube-Attain-C-62-SLX-lucidlilac-n-black-2026-Carbon-Rennrad-00.jpg?ts=1756806795,Kilometrien keräämisen pitäisi olla hauskaa eikä työlästä. Siksi aloitimme varustamalla Attain C:62 SLX:n Shimanon legendaarisella 105 Di2 2x12 -vaihteistolla ja siihen sopivilla hydraulisilla levyjarruilla - koska niiden ansiosta nopeutesi hallinta on k…
Cube, Litening AIR C:68x, road,4159.2,carbon,,Sram Force,7.2,https://mhw-bike.fi/cube-litening-air-c-68x-pro-foggrey-n-white-2025-carbon-maantiepyoerae-828100-4,https://mhw-bike.fi/media/77/d8/7f/1734602606/828100-Cube-Litening-AIR-C-68X-Pro-foggrey-n-white-2025-Carbon-Rennrad-00poGbaXHLuR5LJ.jpg?ts=1734602606,"CUBE Litening AIR C:68X - täydellisyyttä maantieajon ystäville CUBE Litening AIR C:68X tekee vaikutuksen innovatiivisella rungolla, ensiluokkaisella vaihteistolla ja henkeäsalpaavalla muotoilulla. Tässä maantieajopyörässä yhdistyvät keveys, aerodynamiikk…"
Cube, Cross Race C:68x,cyclocross,3138.27,carbon,,Shimano Grx,7.6,https://mhw-bike.fi/cube-cross-race-c-68x-te-hydrogenblue-n-carbon-2025-cyclocross-832400-4,https://mhw-bike.fi/media/2c/86/37/1734602872/832400-Cube-Cross-Race-C-68X-TE-hydrogenblue-n-carbon-2025-Cyclocross-00s023rCR7sU6PF.jpg?ts=1734602872,"CUBE Cross Race C:68X TE - Täydellinen valinta cyclocrossiin Cube Cross Race C:68X TE on vaikuttava cyclocross-pyörä, joka on kehitetty erityisesti vaativiin maastoseikkailuihin. Laadukkaiden varusteiden ja edistyksellisen teknologian ansiosta tämä pyörä…"
Cube,Attain Race 2026,road,1099.0,aluminum,,Shimano Tiagra,10.2,https://mhw-bike.fi/cube-attain-race-foggrey-n-shift-2026-alumiininen-maantiepyoerae-125200-3,https://mhw-bike.fi/media/36/81/cc/1756806740/125200-Cube-Attain-Race-foggrey-n-shift-2026-Aluminium-Rennrad-00.jpg?ts=1756806740,"Attain Race -pyörän ideana on, että siinä yhdistyvät semi-aero maantiepyörän nopeus ja kevyen maastopyörän mukavuus. Niinpä asennimme esimerkiksi Shimanon kevyesti vaihtavat Tiagra 2x10 -vaihteet ja niihin sopivat Tiagra-hydrauliset levyjarrut. Kevyet ja…"
Trek,Domane AL 2 Gen 4,road,999.0,aluminum,,Shimano Claris,10.55,https://pyoravarikko.fi/collections/maantie-ja-gravel-pyorat/products/trek-domane-al-2-gen-4,https://pyoravarikko.fi/cdn/shop/files/DomaneAL2-24-41587-A-Primary-Photoroom_1024x.jpg?v=1729837482,"Domane AL 2 on aito maantiepyörä ja täydellinen vaihtoehto lajin parissa aloitteleville. Se on mukava pitkillä lenkeillä, tarpeeksi nopea porukkalenkin tahdissa pysymiseen ja sillä uskaltaudut myös asfaltin ulkopuolelle."
Specialized,Diverge E5,gravel,1199.0,aluminum,,Shimano Claris,10.24,https://pyoravarikko.fi/collections/maantie-ja-gravel-pyorat/products/specialized-diverge-e5-1,https://pyoravarikko.fi/cdn/shop/files/95425-70_DIVERGE-E5-DUNEWHT-ASHGRY_HERO-PDP-Photoroom_1024x.jpg?v=1738089871,"Specialized Diverge E5 on täydellinen valinta gravel-pyöräilyyn, olipa tavoitteenasi paeta syrjäisille sorateille, osallistua ensimmäiseen gravel-kilpailuusi tai etsiä kaikkein monipuolisinta pyörää tielle ja maastoon. Alumiinirunko ja hiilikuituhaarukka antaa kevyen, kestävän ja mukavan ajokokemuksen. Pathfinder Sport 38 mm renkaat tekevät pyörästä tasapainoisen yhdistelmän vakaan ja ketterän."
Trek,Checkpoint ALR 3,gravel,1249.0,aluminum,,Shimano Sora,10.61,https://pyoravarikko.fi/collections/maantie-ja-gravel-pyorat/products/trek-checkpoint-alr-3,https://pyoravarikko.fi/cdn/shop/files/CheckpointALR3-25-47530-A-Primary-Photoroom_1024x.jpg?v=1728948785,"Checkpoint ALR 3 on hinta-laatusuhteeltaan mallistonsa paras gravel-pyörä. Checkpoint ALR 3:n 300-sarjan Alpha-alumiinista tehdyn rungon ansiosta se ohjautuu tarkasti epätasaisilla sorateillä ja on mukava ja tasainen ajettava asfaltilla. Tubeless Ready -kiekot auttavat suojaamaan rengasrikoilta vaativilla ajoalustoilla, ja 2 x 9 -vaihteinen Shimanon osasarja ja mekaaniset levyjarrut pitävät menon luotettavana ja hinnan aisoissa."
Specialized,Allez,gravel,1299.0,aluminum,,Shimano Claris,,https://pyoravarikko.fi/collections/maantie-ja-gravel-pyorat/products/specialized-allez-1,https://pyoravarikko.fi/cdn/shop/files/90022-74_ALLEZ-E5-DISC-LGNBLU-CLGRY-BLZ_HERO-Photoroom_1024x.jpg?v=1729134320,"Allez on kevyin maantiepyörä, joka tarjoaa erinomaisen luottamuksen, monipuolisuuden ja suorituskyvyn. E5-alumiiniseosrunko painaa vain 1375g ja yhdistettynä täyshiilikuituhaarukkaan se takaa nopean ja ketterän ajotuntuman. Laaja vaihdealue ja 35 mm rengasvälys mahdollistavat sujuvan ajon niin kaupungin kaduilla kuin karkeammilla teillä, ja levyjarrut tarjoavat tehokasta jarrutustehoa kaikissa sääolosuhteissa."
Specialized,Allez Sport,gravel,1329.0,aluminum,,Shimano Tiagra,9.04,https://pyoravarikko.fi/collections/maantie-ja-gravel-pyorat/products/specialized-allez-sport,https://pyoravarikko.fi/cdn/shop/files/90022-62_ALLEZ-E5-DISC-SPORT-TARBLK_HERO-Photoroom_e429df0d-a1b4-4190-aa06-f79f17028614_1024x.jpg?v=1731896565,"Specialized Allez Sport on kevyt ja näppärä maantiepyörä, joka sopii erinomaisesti niin aloitteleville maantiepyöräilijöille kuin kokeneemmillekin harrastajille. E5-alumiiniseoksesta valmistettu runko painaa vain 1375 g, ja täyshiilikuituhaarukka vähentää painoa entisestään sekä tasoittaa ajoa. Luottamusta lisää endurance-maantiegeometria, joka yhdistää mukavuuden pitkille lenkeille ja vakaan käsiteltävyyden mutkaisilla teillä."
GT,Grade Sport,gravel,1349.0,aluminum,,,,https://pyoravarikko.fi/collections/maantie-ja-gravel-pyorat/products/gt-grade-sport,https://pyoravarikko.fi/cdn/shop/files/GradeSport_GRN_PD_1024x.webp?v=1712558938,GT Grade Comp on hyvä valinta sekä kokemattomille että kokeneille gravelpyöräilijöille. Käsintehty alumiinirunko tarjoaa hauskoja pyöräilykokemuksia kohtuulliseen hintaan.
Trek,Checkpoint ALR 4,gravel,1370.0,aluminum,,Sram Apex,9.91,https://pyoravarikko.fi/collections/maantie-ja-gravel-pyorat/products/trek-checkpoint-alr-4,https://pyoravarikko.fi/cdn/shop/products/CheckpointALR4-24-41513-B-Primary_1024x.jpg?v=1699946514,"Checkpoint ALR 4 on hinta-laatusuhteeltaan erinomainen gravel-pyörä vähemmän kolutuilla teillä ajamiseen. Checkpoint ALR 4 reagoi 300-sarjan Alpha-alumiinista tehdyn rungon ansiosta ohjaukseen yhtä nopeasti niin epätasaisilla hiekka- ja sorateillä kuin sileällä asfaltilla. Monipuoliset ominaisuudet, kuten Tubeless Ready -kiekot, 11-vaihteinen SRAM Apex -voimansiirto ja mekaaniset levyjarrut, tekevät Checkpoint ALR 4:stä täydellisen kulkupelin, jolla on helppo siirtyä gravel-pyöräilyn suureen maa"
Trek,Checkpoint ALR 3,gravel,1399.0,aluminum,,,10.41,https://pyoravarikko.fi/collections/maantie-ja-gravel-pyorat/products/trek-checkpoint-alr-3-26,https://pyoravarikko.fi/cdn/shop/files/TrekCheckpointALR3_1024x.jpg?v=1751549482,"Checkpoint ALR 3 on seikkailuun valmis alumiinirunkoinen gravel-pyörä, joka on luotu kaikkien teiden tutkimiseen. Sen moderni endurance-geometria pitää olon mukavana hiekka- ja sorateillä sekä kuoppaisilla ajoalustoilla. Lisäksi hiilikuituinen etuhaarukka auttaa vaimentamaan tiestä johtuvaa tärinää. Saat suorituskykyä kohtuulliseen hintaan. Pyörässä on Bontrager Paradigm -kiekot, 50 mm rengastilaa, 10-vaihteinen Shimano CUES U6000 -voimansiirto, mekaaniset levyjarrut ja runsaasti kiinnityspistei"
Superior,Superior X-Road 6.2 GR,road,1549.0,aluminum,,Shimano Grx,11.15,https://pyoravarikko.fi/collections/maantie-ja-gravel-pyorat/products/superior-x-road-6-2-gr,https://pyoravarikko.fi/cdn/shop/files/SuperiorX-Road6.2GR_1024x.jpg?v=1755516317,"Superior X-Road 6.2 GR on monipuolinen gravel-pyörä, joka soveltuu, sorateille, asfaltille ja tasaisemmille poluille. Kevyt alumiinirunko ja hiilikuituhaarukka tekevät siitä tasapainoisen ja kestävän valinnan pitkillekkin lenkeille. Shimano GRX 1x10 -vaihteisto antaa vaihteleviin maastoihin sopivan välityksen, ja hydrauliset levyjarrut tuovat varmuutta alamäkiin."
Trek,Domane AL 4 Gen 4,road,1599.0,aluminum,,Shimano Tiagra,10.35,https://pyoravarikko.fi/collections/maantie-ja-gravel-pyorat/products/trek-domane-al-4-gen-4,https://pyoravarikko.fi/cdn/shop/products/DomaneAL4-24-41607-A-Primary_1024x.jpg?v=1699946554,"Domane AL 4 on aito maantiepyörä ja täydellinen vaihtoehto lajin parissa aloitteleville. Se on mukava pitkillä lenkeillä, tarpeeksi nopea porukkalenkin tahdissa pysymiseen ja sillä uskaltaudut myös asfaltin ulkopuolelle."
Orbea,Avant H40,gravel,1599.0,aluminum,,Shimano Tiagra,,https://pyoravarikko.fi/collections/maantie-ja-gravel-pyorat/products/orbea-avant-h40-bronze,https://pyoravarikko.fi/cdn/shop/files/OrbeaAvantH40PV-3_1024x.jpg?v=1744628339,"Orbea Avant H40 on suunniteltu yhdistämään mukavuus ja suorituskyky pitkillä maantielenkeillä. Sen hydroformattu alumiinirunko ja täyshiilikuituinen etuhaarukka antaa tasapainoisen ajotuntuman. Uudistettu geometria mahdollistaa rennon ajoasennon, joka vähentää rasitusta. Integroitu runkokotelo tuo kätevän säilytystilan tarvittaville työkaluille ja varusteille."
Orbea,Avant H30,gravel,1899.0,aluminum,,Shimano 105,,https://pyoravarikko.fi/collections/maantie-ja-gravel-pyorat/products/orbea-avant-h30,https://pyoravarikko.fi/cdn/shop/files/ORBEA250S10347BN_-Photoroom_1024x.jpg?v=1738827967,"Orbea Avant H30 on pitkille matkoille tehty maantiepyörä. Sen alumiinirunko ja hiilikuituhaarukka antaa kevyen ajokokemuksen, ja uusi geometria tarjoaa tasapainoisen ja mukautuvan ajotuntuman. Rungon suuri rengastila mahdollistaa jopa 35mm leveiden renkaiden käytön, mikä parantaa pitoa ja mukavuutta epätasaisilla teillä."
Superior,X-Road 6.5 GR,road,1899.0,aluminum,,Shimano Grx,10.45,https://pyoravarikko.fi/collections/maantie-ja-gravel-pyorat/products/superior-x-road-6-5-gr,https://pyoravarikko.fi/cdn/shop/files/SuperiorX-Road6.5GR42311_1024x.jpg?v=1755513879,"Superior X-Road 6.5 GR on monipuolinen gravel-pyörä, joka yhdistää nopeuden ja kestävyyden. Kevyt alumiinirunko, hiilikuituhaarukka ja 40 mm leveät renkaat tekevät siitä ihanteellisen pitkille matkoille asfaltilla ja vaihteleville sorareiteille. Shimano GRX 1x12 -vaihteisto ja hydrauliset levyjarrut takaa turvalliset ja huolettomat pyörälenkit."
Orbea,Terra H40,gravel,1999.0,aluminum,,,,https://pyoravarikko.fi/collections/maantie-ja-gravel-pyorat/products/orbea-terra-h40-2023,https://pyoravarikko.fi/cdn/shop/products/ORBEA220M10502DA_e9395e40-d1b0-475c-b697-2bceca890d8c_1024x.jpg?v=1681809805,"Terran geometria on hiukan pystympi kuin normaalissa maantiepyörässä - lähellä endurance maantiepyörää. Geometrian puolesta Terra soveltuu monentyyppisille alustoille. Ajotuntuma on tarkka ja hallittava. Kulmat ja mitat on mietitty tarkkaan jokaisen runkokoon kohdalla, jotta eripituisille kuskeille löytyy sopiva runkogeometria"
Trek,Emonda ALR 5,road,1999.0,aluminum,,Shimano 105,9.17,https://pyoravarikko.fi/collections/maantie-ja-gravel-pyorat/products/trek-emonda-alr-5,https://pyoravarikko.fi/cdn/shop/products/EmondaALR5-24-41426-B-Primary_1024x.jpg?v=1699946581,"Émonda ALR 5 Disc on superkevyt, alumiininen maantiepyörä, joka reagoi nopeasti ohjaukseen. Sen edistynyt Kammtail-putkimuotoilu ja H1.5-kisageometria antavat sille hiilikuitupyörän sulavalinjaisen ulkonäön ja ohjattavuuden alumiinipyörän hinnalla. Tämän ohella entistä paremmat osat, kuten luotettava Shimano 105 -voimansiirto ja kaikissa sääolosuhteissa tehokkaasti pysäyttävät hydrauliset levyjarrut, tekevät tästä pyörästä erinomaisen valinnan niin porukkalenkeille kuin kilpailuihin."
Orbea,Terra H40,gravel,1999.0,aluminum,,Shimano Grx,,https://pyoravarikko.fi/collections/maantie-ja-gravel-pyorat/products/orbea-terra-h40-1,https://pyoravarikko.fi/cdn/shop/files/OrbeaTerraH40-4_1024x.jpg?v=1749214646,"Orbea Terra H40 on täydellinen valinta gravel-pyöräilyyn, yhdistäen monipuolisuuden, suorituskyvyn ja mukavuuden. Alumiinirunko, tarkkaan suunniteltu gravel-geometria ja laaja rengastila tekevät siitä ihanteellisen kumppanin niin pitkille seikkailuille kuin nopeille polkuajeluille. Tarjoaa erinomaisen hallinnan ja mukautettavuuden kaikkiin maastoihin."
Orbea,Terra H45 1X,gravel,2099.0,aluminum,,,,https://pyoravarikko.fi/collections/maantie-ja-gravel-pyorat/products/orbea-terra-h45-1x,https://pyoravarikko.fi/cdn/shop/files/TERRAH451X2_1024x.jpg?v=1748335755,"Orbea Terra H45 1X on monipuolinen ja suorituskykyinen gravel-pyörä, joka on suunniteltu tarjoamaan mukavuutta, hallittavuutta ja kestävyyttä sorateillä ja vaihtelevassa maastossa. Tämä pyörä ei ole vain muunneltu maantiepyörä tai kevennetty maastopyörä, vaan alusta asti gravel-ajoon kehitetty malli, joka tuo tasapainon nopeuden ja ajomukavuuden välille."
Trek,Checkpoint ALR 5 Gen 3,gravel,2099.0,aluminum,,Sram Apex,9.87,https://pyoravarikko.fi/collections/maantie-ja-gravel-pyorat/products/trek-checkpoint-alr-5-26,https://pyoravarikko.fi/cdn/shop/files/TrekCheckpointALR56366_1024x.jpg?v=1751552039,"Checkpoint ALR 5 on alumiinirunkoinen gravelpyörä, joka on luotu seikkailuun kaikenlaisilla teillä. Sen moderni runkogeometria ja hiilikuituinen etuhaarukka parantavat ajomukavuutta vaimentamalla teiden epätasaisuuksia. Suuri rengastila mahdollistaa jopa 50 mm leveiden renkaiden käytön erinomaista pitoa varten. Siinä on 12-vaihteinen SRAM Apex XPLR -voimansiirto, hydrauliset levyjarrut, Bontrager Paradigm Tubeless Ready -kiekot sekä runsaasti kiinnityspisteitä laukuille ja varusteille."
GT,Grade Carbon X,gravel,2399.0,carbon,,Sram Apex,,https://pyoravarikko.fi/collections/maantie-ja-gravel-pyorat/products/gt-grade-carbon-x,https://pyoravarikko.fi/cdn/shop/products/JoCaJwKg_1024x.jpg?v=1679380400,"GT Grade Carbon X on loistava valinta ensikertalaisille ja kokeneemmille sorapyöräilijöille. Käsin rakennettu hiilirunko tarjoaa hauskan ajokokemuksen kohtuulliseen hintaan. Runko on kaunis ja se on valmistettu GT:n Triple Triangle -tyylillä, jossa on kelluvat istuinraudat, jotka antavat rungolle joustavuutta ja mukavuutta kuskille. Pyörä on varustettu 40 mm:n joustolla varustetulla jousitushaarukalla ja luotettavalla Sram-vaihteistolla. Grade-mallisto sopii erinomaisesti myös retkeilyyn."
Orbea,Orca M30,road,2399.0,carbon,,Shimano 105,,https://pyoravarikko.fi/collections/maantie-ja-gravel-pyorat/products/orbea-orca-m30-1,https://pyoravarikko.fi/cdn/shop/files/ORBEA250S10747AJ_-Photoroom_1024x.jpg?v=1738327236,"Orbea Orca M30 2025 on huippuluokan kevyt maantiepyörä, joka yhdistää erinomaisen jäykkyyden, aerodynaamisen muotoilun ja ensiluokkaisen käsiteltävyyden. Sen OMR-hiilikuiturunko, optimaalinen jäykkyysrakennelma ja minimalistinen design tekevät siitä täydellisen valinnan niille, jotka haluavat maksimoida suorituskykynsä ylämäissä ja kiihdytyksissä."
